CREATE DATABASE ass01;

create table Departaments (
	DepartmentID serial primary key,
	DepartmentName varchar(100) not null
);

create table Doctors(
	DoctorID serial primary key,
	DepartmentID int,
	DoctorName varchar(100) not null,
	foreign key (DepartmentID) references Departaments(DepartmentID)
);

create table Patients(
	PatientID serial primary key,
	PatientName varchar(100) not null,
	Sex bool,
	Age int
);

create table Appointment(
	AppointmentID serial primary key,
	PatientID int,
	DoctorID int,
	Date date,
	Status varchar(50),
	foreign key(PatientID) references Patients(PatientID),
	foreign key(DoctorID) references Doctors(DoctorID)
);

create table Bills(
	BillID serial primary key,
	PatientID int,
	Amount decimal(10,2),
	Status varchar(50),
	foreign key(PatientID) references Patients(PatientID)
);

insert into Departaments(DepartmentName) values
('Cardiology'),
('Neurology'),
('Pediatria'),
('Orthopedics'),
('Dermatology'),
('Oncology'),
('Radiology'),
('Psychiatry'),
('Urology'),
('Ophthalmology'),
('Gastroenterology'),
('Endocrinology');
 
-- ---------------- Doctors ----------------
insert into Doctors(DoctorID, DoctorName, DepartmentID) values
(1, 'Dr. Alex Hall', 4),
(2, 'Dr. Olivia Taylor', 11),
(3, 'Dr. Charlotte Hill', 1),
(4, 'Dr. Smith Lewis', 4),
(5, 'Dr. Ethan Lewis', 12),
(6, 'Dr. Daniel Scott', 10),
(7, 'Dr. Samuel Johnson', 3),
(8, 'Dr. Noah Hall', 3),
(9, 'Dr. Victoria King', 2),
(10, 'Dr. James Taylor', 6),
(11, 'Dr. Benjamin Hall', 1),
(12, 'Dr. Ethan Taylor', 7),
(13, 'Dr. Ethan Young', 11),
(14, 'Dr. Charlotte Lewis', 12),
(15, 'Dr. Andrew Walker', 5),
(16, 'Dr. David Walker', 2),
(17, 'Dr. Emma Scott', 11),
(18, 'Dr. Sophia Wright', 6),
(19, 'Dr. William Hall', 12),
(20, 'Dr. Benjamin Clark', 9),
(21, 'Dr. Sophia Scott', 7),
(22, 'Dr. Robert Baker', 4),
(23, 'Dr. Natalie Smith', 4),
(24, 'Dr. Samuel King', 7),
(25, 'Dr. Smith Lewis', 10),
(26, 'Dr. Michael Green', 7),
(27, 'Dr. Olivia Hall', 3),
(28, 'Dr. Jack Baker', 9),
(29, 'Dr. Jack Nelson', 7),
(30, 'Dr. Ava Walker', 3),
(31, 'Dr. Smith Smith', 2),
(32, 'Dr. Amelia Clark', 11),
(33, 'Dr. Benjamin Brown', 7),
(34, 'Dr. Benjamin Scott', 9),
(35, 'Dr. Ethan Johnson', 11),
(36, 'Dr. William Baker', 5),
(37, 'Dr. Muhammad Young', 7),
(38, 'Dr. Henry Johnson', 12),
(39, 'Dr. Mia Clark', 9),
(40, 'Dr. David Young', 11),
(41, 'Dr. Olivia Wright', 3),
(42, 'Dr. Benjamin King', 8),
(43, 'Dr. Muhammad Wright', 5),
(44, 'Dr. Andrew Walker', 10),
(45, 'Dr. Smith Green', 2),
(46, 'Dr. Olivia Green', 9),
(47, 'Dr. Emma Adams', 10),
(48, 'Dr. Michael Baker', 12),
(49, 'Dr. Isabella Young', 7),
(50, 'Dr. Henry Adams', 8),
(51, 'Dr. Daniel Walker', 2),
(52, 'Dr. Alex Nelson', 9),
(53, 'Dr. Charlotte Walker', 1),
(54, 'Dr. Isabella Smith', 4),
(55, 'Dr. Laura Smith', 6),
(56, 'Dr. Mia Walker', 5),
(57, 'Dr. Michael Baker', 3),
(58, 'Dr. Daniel Green', 7),
(59, 'Dr. Muhammad Taylor', 11),
(60, 'Dr. Ava Hill', 7);
 
select setval('doctors_doctorid_seq', (select max(doctorid) from Doctors));
 
-- ---------------- Patients ----------------
insert into Patients(PatientID, PatientName, Sex, Age) values
(1, 'John Doe', true, 30),
(2, 'Jane Doe', false, 27),
(3, 'Granny Johnson', false, 67),
(4, 'Grandpa Bill', true, 69),
(5, 'Andrew Billionson', true, 5),
(6, 'Isabella Smith', false, 87),
(7, 'James Lopez', true, 94),
(8, 'Natalie Clark', false, 14),
(9, 'Richard Garcia', true, 69),
(10, 'Linda Gonzalez', false, 24),
(11, 'Granny Johnson Miller', false, 10),
(12, 'Natalie Clark', false, 71),
(13, 'James Martin', true, 70),
(14, 'Robert Lewis', true, 31),
(15, 'Anthony Anderson', true, 62),
(16, 'Matthew Ramirez', true, 8),
(17, 'Matthew Doe', true, 50),
(18, 'Natalie Harris', false, 59),
(19, 'Lisa Perez', false, 94),
(20, 'Linda Garcia', false, 38),
(21, 'James Moore', true, 95),
(22, 'Benjamin Martinez', true, 8),
(23, 'Lucas Anderson', true, 65),
(24, 'James Thomas', true, 11),
(25, 'Robert Jackson', true, 9),
(26, 'Matthew Williams', true, 73),
(27, 'Lucas Jackson', true, 6),
(28, 'Anthony Lee', true, 75),
(29, 'Jessica Garcia', false, 86),
(30, 'Susan Davis', false, 51),
(31, 'Noah Martin', true, 39),
(32, 'Karen Lewis', false, 10),
(33, 'Mark Jackson', true, 73),
(34, 'Robert Taylor', true, 28),
(35, 'Linda Lewis', false, 45),
(36, 'Joseph Hernandez', true, 37),
(37, 'Mark Sanchez', true, 70),
(38, 'Mia Harris', false, 84),
(39, 'Noah Sanchez', true, 71),
(40, 'Charlotte Williams', false, 18),
(41, 'Jennifer Ramirez', false, 14),
(42, 'Thomas Rodriguez', true, 78),
(43, 'Samuel Martinez', true, 27),
(44, 'Sophia Anderson', false, 33),
(45, 'Robert Martin', true, 55),
(46, 'Mary Doe', false, 43),
(47, 'Liam Davis', true, 21),
(48, 'Emma Perez', false, 55),
(49, 'Michael Johnson', true, 89),
(50, 'Henry Smith', true, 48),
(51, 'Anthony Brown', true, 6),
(52, 'Nancy Ramirez', false, 6),
(53, 'Barbara Lee', false, 32),
(54, 'Daniel White', true, 72),
(55, 'Mia Thompson', false, 20),
(56, 'David Harris', true, 23),
(57, 'Jane Jones', false, 95),
(58, 'Natalie Lewis', false, 53),
(59, 'Thomas Jones', true, 90),
(60, 'Matthew Clark', true, 5),
(61, 'Susan Garcia', false, 59),
(62, 'Sarah Sanchez', false, 30),
(63, 'John Lee', true, 25),
(64, 'Karen Davis', false, 9),
(65, 'Nancy Martin', false, 66),
(66, 'Charlotte Sanchez', false, 69),
(67, 'Jane Williams', false, 34),
(68, 'Lucas Davis', true, 5),
(69, 'Ethan Gonzalez', true, 45),
(70, 'Lisa Jackson', false, 66),
(71, 'Matthew Ramirez', true, 74),
(72, 'Thomas Smith', true, 91),
(73, 'Jane Thomas', false, 69),
(74, 'Daniel Gonzalez', true, 9),
(75, 'Mia Martinez', false, 85),
(76, 'Benjamin Ramirez', true, 39),
(77, 'Charlotte Gonzalez', false, 42),
(78, 'Amelia Rodriguez', false, 71),
(79, 'Richard Gonzalez', true, 86),
(80, 'Charlotte Thompson', false, 23),
(81, 'Margaret Taylor', false, 1),
(82, 'Sarah Garcia', false, 56),
(83, 'Granny Johnson Wilson', false, 57),
(84, 'Grandpa Bill Anderson', true, 95),
(85, 'Noah Johnson', true, 37),
(86, 'Patricia Sanchez', false, 31),
(87, 'Susan Harris', false, 26),
(88, 'John Smith', true, 32),
(89, 'Mia Clark', false, 10),
(90, 'Lisa Ramirez', false, 81),
(91, 'Samuel Perez', true, 50),
(92, 'Margaret Miller', false, 19),
(93, 'Jack Clark', true, 14),
(94, 'Susan Jones', false, 90),
(95, 'Mary Taylor', false, 32),
(96, 'Mark Brown', true, 60),
(97, 'Victoria Ramirez', false, 57),
(98, 'Laura Lewis', false, 71),
(99, 'Elizabeth Thompson', false, 61),
(100, 'Jessica White', false, 32),
(101, 'Victoria White', false, 67),
(102, 'Grace Miller', false, 36),
(103, 'Patricia Perez', false, 37),
(104, 'Thomas Martinez', true, 41),
(105, 'William Brown', true, 30),
(106, 'Amelia Brown', false, 91),
(107, 'Robert Gonzalez', true, 53),
(108, 'Emma Wilson', false, 54),
(109, 'Richard Sanchez', true, 54),
(110, 'Victoria Moore', false, 90),
(111, 'Jack Moore', true, 49),
(112, 'Jane Hernandez', false, 39),
(113, 'Laura Gonzalez', false, 69),
(114, 'Andrew Billionson Miller', true, 35),
(115, 'Olivia Doe', false, 50),
(116, 'Charlotte Lee', false, 52),
(117, 'Mark Lewis', true, 17),
(118, 'Matthew Moore', true, 73),
(119, 'Robert Martin', true, 55),
(120, 'Mark Jones', true, 7),
(121, 'Margaret Martinez', false, 28),
(122, 'Karen Martinez', false, 49),
(123, 'Victoria Sanchez', false, 54),
(124, 'Laura Johnson', false, 61),
(125, 'Benjamin Taylor', true, 7),
(126, 'Susan Martin', false, 9),
(127, 'Jack Doe', true, 32),
(128, 'John Jackson', true, 20),
(129, 'William Anderson', true, 86),
(130, 'Lucas Garcia', true, 60),
(131, 'Victoria Hernandez', false, 22),
(132, 'Jack Sanchez', true, 21),
(133, 'Jennifer Moore', false, 4),
(134, 'Ava Lee', false, 49),
(135, 'Amelia Garcia', false, 10),
(136, 'Michael Perez', true, 39),
(137, 'Lucas Harris', true, 6),
(138, 'Emma Gonzalez', false, 85),
(139, 'Patricia Thomas', false, 83),
(140, 'Jane Clark', false, 54),
(141, 'Jennifer Gonzalez', false, 47),
(142, 'Amelia Brown', false, 56),
(143, 'Benjamin Thomas', true, 84),
(144, 'Mia Harris', false, 69),
(145, 'Granny Johnson Gonzalez', false, 94),
(146, 'Karen Clark', false, 32),
(147, 'Thomas Ramirez', true, 58),
(148, 'Jack Wilson', true, 73),
(149, 'Karen Doe', false, 64),
(150, 'Elizabeth Anderson', false, 28),
(151, 'Natalie Davis', false, 44),
(152, 'Mia Perez', false, 36),
(153, 'Grandpa Bill Garcia', true, 11),
(154, 'Benjamin Gonzalez', true, 63),
(155, 'Samuel Anderson', true, 83),
(156, 'Granny Johnson Harris', false, 3),
(157, 'Charles Miller', true, 52),
(158, 'Charles Lee', true, 75),
(159, 'Olivia Taylor', false, 68),
(160, 'Lisa Thompson', false, 71),
(161, 'Nancy Perez', false, 59),
(162, 'Sarah Davis', false, 30),
(163, 'Benjamin Garcia', true, 41),
(164, 'Benjamin Taylor', true, 89),
(165, 'Richard Garcia', true, 95),
(166, 'Jessica Thompson', false, 76),
(167, 'Jennifer Sanchez', false, 25),
(168, 'Susan Hernandez', false, 23),
(169, 'Jane Perez', false, 69),
(170, 'Thomas Smith', true, 7),
(171, 'Amelia Brown', false, 82),
(172, 'Jennifer Clark', false, 2),
(173, 'Olivia Anderson', false, 57),
(174, 'Elizabeth Smith', false, 33),
(175, 'Jennifer Sanchez', false, 9),
(176, 'Olivia Johnson', false, 74),
(177, 'William Brown', true, 73),
(178, 'Patricia Miller', false, 16),
(179, 'Mia Jackson', false, 80),
(180, 'Jack Thomas', true, 49),
(181, 'Granny Johnson Rodriguez', false, 76),
(182, 'Sarah Moore', false, 80),
(183, 'Ethan Thompson', true, 13),
(184, 'Liam Garcia', true, 34),
(185, 'David Miller', true, 23),
(186, 'David Doe', true, 53),
(187, 'Amelia Jackson', false, 61),
(188, 'Mary Miller', false, 37),
(189, 'Amelia Clark', false, 59),
(190, 'Noah Miller', true, 34),
(191, 'Anthony Williams', true, 70),
(192, 'Liam Brown', true, 35),
(193, 'Robert Smith', true, 22),
(194, 'Mia Thompson', false, 73),
(195, 'Granny Johnson Williams', false, 60),
(196, 'Amelia Lopez', false, 35),
(197, 'Granny Johnson Johnson', false, 77),
(198, 'Anthony Thompson', true, 42),
(199, 'Jane Johnson', false, 30),
(200, 'Jack Lee', true, 35),
(201, 'Jack White', true, 23),
(202, 'Sophia Martin', false, 57),
(203, 'Elizabeth Moore', false, 56),
(204, 'Patricia Anderson', false, 45),
(205, 'Karen Martinez', false, 86),
(206, 'David Martinez', true, 53),
(207, 'Sarah Lee', false, 52),
(208, 'Mark Johnson', true, 41),
(209, 'Karen Williams', false, 52),
(210, 'Noah Clark', true, 70),
(211, 'Lisa Smith', false, 25),
(212, 'Mia White', false, 64),
(213, 'Victoria Smith', false, 27),
(214, 'Emma Brown', false, 37),
(215, 'Amelia Anderson', false, 16),
(216, 'Liam Jackson', true, 31),
(217, 'Charles Taylor', true, 2),
(218, 'Patricia Miller', false, 15),
(219, 'Jennifer Martin', false, 20),
(220, 'Amelia Rodriguez', false, 66),
(221, 'Lisa Sanchez', false, 62),
(222, 'Susan Wilson', false, 71),
(223, 'Matthew Garcia', true, 77),
(224, 'Robert Davis', true, 54),
(225, 'Natalie Thomas', false, 35),
(226, 'Charles Thompson', true, 39),
(227, 'Linda Wilson', false, 69),
(228, 'Nancy Martinez', false, 71),
(229, 'Granny Johnson Lewis', false, 42),
(230, 'Samuel Miller', true, 74),
(231, 'Susan Clark', false, 53),
(232, 'Christopher Thompson', true, 61),
(233, 'Margaret Lee', false, 84),
(234, 'Andrew Billionson Smith', true, 17),
(235, 'Jennifer Clark', false, 57),
(236, 'Grandpa Bill Lewis', true, 59),
(237, 'Benjamin Brown', true, 53),
(238, 'Robert Anderson', true, 34),
(239, 'Mia Perez', false, 51),
(240, 'Christopher Clark', true, 87),
(241, 'Karen Martin', false, 92),
(242, 'Emma Smith', false, 80),
(243, 'Joseph Martin', true, 88),
(244, 'Susan Thompson', false, 12),
(245, 'Jennifer White', false, 82),
(246, 'Mark Jones', true, 89),
(247, 'Jane Smith', false, 42),
(248, 'Charles Hernandez', true, 48),
(249, 'Linda Miller', false, 68),
(250, 'Ava Lee', false, 24);
 
select setval('patients_patientid_seq', (select max(patientid) from Patients));
 
-- ---------------- Appointment ----------------
insert into Appointment(AppointmentID, PatientID, DoctorID, Date, Status) values
(1, 1, 1, '2026-03-10', 'Completed'),
(2, 2, 1, '2026-03-11', 'Cancelled'),
(3, 3, 2, '2026-03-10', 'Completed'),
(4, 4, 3, '2026-03-12', 'In-progress'),
(5, 5, 4, '2026-03-15', 'Cancelled'),
(6, 3, 1, '2026-01-11', 'Completed'),
(7, 2, 4, '2026-01-11', 'Completed'),
(8, 44, 12, '2025-07-11', 'No-show'),
(9, 223, 25, '2026-04-14', 'Cancelled'),
(10, 128, 59, '2026-03-26', 'Cancelled'),
(11, 60, 30, '2026-04-23', 'In-progress'),
(12, 118, 17, '2026-05-08', 'Completed'),
(13, 231, 52, '2026-01-25', 'In-progress'),
(14, 174, 35, '2025-08-20', 'Completed'),
(15, 114, 23, '2026-03-28', 'In-progress'),
(16, 164, 28, '2026-05-20', 'In-progress'),
(17, 117, 55, '2025-11-02', 'Cancelled'),
(18, 99, 55, '2026-02-03', 'Completed'),
(19, 61, 25, '2026-03-20', 'In-progress'),
(20, 148, 19, '2026-05-25', 'In-progress'),
(21, 6, 54, '2026-05-04', 'Scheduled'),
(22, 71, 1, '2026-03-17', 'Completed'),
(23, 234, 39, '2026-06-17', 'Scheduled'),
(24, 214, 58, '2025-10-25', 'Cancelled'),
(25, 156, 52, '2025-11-28', 'Cancelled'),
(26, 163, 13, '2026-04-14', 'In-progress'),
(27, 174, 49, '2026-06-05', 'Cancelled'),
(28, 161, 7, '2026-04-18', 'Completed'),
(29, 80, 51, '2026-01-12', 'Completed'),
(30, 149, 24, '2026-06-10', 'Cancelled'),
(31, 24, 59, '2025-10-30', 'In-progress'),
(32, 192, 27, '2025-08-29', 'Cancelled'),
(33, 34, 51, '2026-03-04', 'In-progress'),
(34, 136, 33, '2025-10-18', 'Cancelled'),
(35, 66, 59, '2026-02-02', 'In-progress'),
(36, 192, 56, '2025-11-21', 'Completed'),
(37, 120, 5, '2025-08-12', 'Cancelled'),
(38, 221, 44, '2026-06-06', 'Scheduled'),
(39, 248, 55, '2026-03-13', 'In-progress'),
(40, 24, 51, '2025-12-20', 'Completed'),
(41, 68, 35, '2025-08-03', 'Scheduled'),
(42, 95, 44, '2026-05-11', 'In-progress'),
(43, 150, 25, '2026-04-23', 'In-progress'),
(44, 28, 44, '2025-09-28', 'Scheduled'),
(45, 7, 40, '2026-03-15', 'In-progress'),
(46, 235, 40, '2025-09-22', 'Completed'),
(47, 163, 53, '2026-01-24', 'In-progress'),
(48, 167, 27, '2025-07-30', 'Cancelled'),
(49, 12, 3, '2025-11-03', 'Scheduled'),
(50, 30, 7, '2025-09-29', 'No-show'),
(51, 35, 25, '2026-01-19', 'In-progress'),
(52, 172, 48, '2026-05-23', 'No-show'),
(53, 108, 38, '2026-06-16', 'Cancelled'),
(54, 227, 27, '2026-05-02', 'Completed'),
(55, 214, 32, '2026-04-12', 'Scheduled'),
(56, 241, 18, '2025-06-17', 'In-progress'),
(57, 56, 29, '2026-01-14', 'Cancelled'),
(58, 219, 24, '2025-07-21', 'In-progress'),
(59, 140, 58, '2026-04-27', 'In-progress'),
(60, 16, 26, '2025-10-20', 'Cancelled'),
(61, 248, 8, '2026-01-19', 'Completed'),
(62, 170, 14, '2026-04-25', 'No-show'),
(63, 249, 2, '2025-06-26', 'In-progress'),
(64, 63, 9, '2026-03-17', 'Cancelled'),
(65, 18, 54, '2026-03-11', 'Cancelled'),
(66, 151, 14, '2025-09-28', 'In-progress'),
(67, 199, 10, '2026-04-02', 'Completed'),
(68, 71, 55, '2025-08-14', 'Cancelled'),
(69, 139, 17, '2025-08-29', 'Completed'),
(70, 170, 56, '2025-06-14', 'Cancelled'),
(71, 4, 23, '2025-09-30', 'No-show'),
(72, 83, 2, '2025-08-29', 'In-progress'),
(73, 14, 9, '2026-06-15', 'Scheduled'),
(74, 135, 8, '2026-06-17', 'Completed'),
(75, 122, 29, '2025-12-03', 'No-show'),
(76, 152, 7, '2026-01-18', 'No-show'),
(77, 57, 40, '2025-06-23', 'No-show'),
(78, 78, 30, '2026-04-26', 'Completed'),
(79, 16, 31, '2025-12-23', 'Scheduled'),
(80, 176, 7, '2026-02-07', 'Scheduled'),
(81, 19, 58, '2025-07-12', 'In-progress'),
(82, 156, 10, '2025-07-04', 'Cancelled'),
(83, 71, 40, '2026-04-21', 'No-show'),
(84, 141, 46, '2025-11-14', 'Scheduled'),
(85, 153, 34, '2025-10-29', 'Scheduled'),
(86, 130, 39, '2026-01-07', 'Completed'),
(87, 204, 45, '2025-07-29', 'No-show'),
(88, 185, 56, '2025-09-19', 'Scheduled'),
(89, 116, 57, '2025-09-25', 'Scheduled'),
(90, 87, 53, '2026-01-19', 'Scheduled'),
(91, 107, 47, '2025-07-19', 'In-progress'),
(92, 110, 21, '2026-05-07', 'In-progress'),
(93, 96, 10, '2026-05-18', 'Scheduled'),
(94, 18, 6, '2025-07-14', 'Completed'),
(95, 111, 7, '2026-06-17', 'In-progress'),
(96, 208, 9, '2026-03-12', 'Completed'),
(97, 151, 36, '2026-03-15', 'In-progress'),
(98, 172, 8, '2025-12-28', 'In-progress'),
(99, 224, 43, '2026-01-03', 'Completed'),
(100, 248, 19, '2026-04-04', 'In-progress'),
(101, 91, 7, '2026-03-23', 'No-show'),
(102, 55, 10, '2026-05-03', 'Scheduled'),
(103, 58, 55, '2025-07-26', 'In-progress'),
(104, 217, 36, '2025-12-06', 'Completed'),
(105, 196, 18, '2026-03-21', 'Cancelled'),
(106, 207, 28, '2026-03-15', 'No-show'),
(107, 158, 44, '2026-04-26', 'No-show'),
(108, 7, 39, '2026-05-03', 'In-progress'),
(109, 8, 12, '2025-10-18', 'In-progress'),
(110, 236, 22, '2025-11-27', 'Completed'),
(111, 47, 56, '2025-08-13', 'No-show'),
(112, 169, 26, '2025-07-06', 'Cancelled'),
(113, 190, 41, '2025-06-16', 'Completed'),
(114, 192, 34, '2025-09-19', 'Scheduled'),
(115, 108, 30, '2025-11-22', 'Cancelled'),
(116, 95, 20, '2026-06-05', 'In-progress'),
(117, 199, 37, '2026-04-02', 'Completed'),
(118, 227, 4, '2025-08-19', 'Cancelled'),
(119, 194, 40, '2025-06-26', 'Completed'),
(120, 70, 29, '2026-05-05', 'Scheduled'),
(121, 125, 39, '2026-01-13', 'Scheduled'),
(122, 70, 14, '2026-02-18', 'Completed'),
(123, 89, 28, '2025-07-27', 'In-progress'),
(124, 174, 44, '2026-03-31', 'Scheduled'),
(125, 135, 43, '2025-11-05', 'Completed'),
(126, 57, 26, '2026-04-03', 'Completed'),
(127, 2, 14, '2025-11-02', 'Cancelled'),
(128, 197, 9, '2025-10-09', 'In-progress'),
(129, 84, 8, '2025-06-04', 'Scheduled'),
(130, 192, 28, '2025-08-29', 'Cancelled'),
(131, 98, 35, '2026-05-27', 'Cancelled'),
(132, 129, 36, '2026-05-09', 'In-progress'),
(133, 19, 26, '2026-06-15', 'Completed'),
(134, 112, 2, '2026-01-22', 'Completed'),
(135, 221, 21, '2026-03-22', 'Scheduled'),
(136, 147, 26, '2026-05-30', 'Scheduled'),
(137, 75, 8, '2025-12-25', 'Completed'),
(138, 248, 21, '2025-08-27', 'No-show'),
(139, 118, 54, '2026-05-20', 'In-progress'),
(140, 23, 28, '2025-07-25', 'Cancelled'),
(141, 112, 38, '2025-12-23', 'No-show'),
(142, 21, 26, '2025-11-06', 'In-progress'),
(143, 57, 22, '2025-08-26', 'Completed'),
(144, 131, 41, '2025-07-29', 'No-show'),
(145, 131, 13, '2025-11-26', 'In-progress'),
(146, 187, 53, '2026-04-27', 'Cancelled'),
(147, 61, 7, '2025-08-14', 'In-progress'),
(148, 51, 12, '2026-04-05', 'Cancelled'),
(149, 195, 49, '2026-05-02', 'Completed'),
(150, 46, 50, '2026-04-18', 'Scheduled'),
(151, 119, 49, '2026-03-16', 'No-show'),
(152, 115, 44, '2026-03-17', 'No-show'),
(153, 83, 56, '2026-04-18', 'In-progress'),
(154, 39, 29, '2025-07-05', 'Scheduled'),
(155, 114, 41, '2025-11-03', 'In-progress'),
(156, 152, 4, '2025-11-28', 'No-show'),
(157, 19, 20, '2026-01-23', 'Scheduled'),
(158, 10, 4, '2025-12-06', 'In-progress'),
(159, 20, 42, '2025-07-17', 'No-show'),
(160, 153, 33, '2025-12-14', 'Scheduled'),
(161, 149, 36, '2026-06-14', 'Completed'),
(162, 116, 59, '2026-03-20', 'Cancelled'),
(163, 83, 39, '2026-01-30', 'No-show'),
(164, 39, 4, '2026-01-17', 'Completed'),
(165, 208, 58, '2025-11-23', 'Completed'),
(166, 130, 42, '2025-08-28', 'Completed'),
(167, 64, 46, '2026-01-11', 'Scheduled'),
(168, 135, 34, '2026-04-09', 'Cancelled'),
(169, 94, 24, '2025-10-23', 'Scheduled'),
(170, 105, 50, '2025-11-21', 'No-show'),
(171, 14, 51, '2026-04-20', 'In-progress'),
(172, 17, 22, '2025-07-19', 'No-show'),
(173, 174, 25, '2025-10-24', 'In-progress'),
(174, 186, 55, '2026-05-03', 'No-show'),
(175, 224, 10, '2025-11-18', 'Completed'),
(176, 150, 43, '2025-08-12', 'In-progress'),
(177, 80, 42, '2026-05-24', 'Scheduled'),
(178, 34, 39, '2026-05-29', 'Completed'),
(179, 80, 36, '2025-12-10', 'In-progress'),
(180, 209, 9, '2026-05-10', 'No-show'),
(181, 24, 42, '2026-05-10', 'Scheduled'),
(182, 131, 24, '2025-06-10', 'In-progress'),
(183, 80, 12, '2025-09-18', 'In-progress'),
(184, 243, 50, '2026-02-04', 'Cancelled'),
(185, 58, 9, '2025-08-19', 'Completed'),
(186, 76, 55, '2025-07-22', 'No-show'),
(187, 198, 35, '2026-06-14', 'No-show'),
(188, 10, 43, '2025-11-20', 'No-show'),
(189, 34, 39, '2025-12-10', 'Cancelled'),
(190, 42, 12, '2026-05-21', 'No-show'),
(191, 208, 58, '2025-08-24', 'Scheduled'),
(192, 12, 27, '2025-12-04', 'Cancelled'),
(193, 249, 29, '2026-04-09', 'In-progress'),
(194, 193, 48, '2026-01-16', 'Cancelled'),
(195, 137, 16, '2025-11-06', 'Scheduled'),
(196, 232, 54, '2025-09-08', 'In-progress'),
(197, 174, 37, '2026-01-12', 'Scheduled'),
(198, 197, 19, '2025-12-13', 'No-show'),
(199, 136, 27, '2025-08-22', 'Cancelled'),
(200, 206, 39, '2025-08-10', 'In-progress'),
(201, 14, 42, '2026-02-02', 'In-progress'),
(202, 142, 60, '2025-07-23', 'No-show'),
(203, 218, 8, '2025-10-24', 'Completed'),
(204, 196, 11, '2025-10-18', 'Scheduled'),
(205, 232, 33, '2025-08-15', 'Scheduled'),
(206, 24, 59, '2025-09-22', 'Scheduled'),
(207, 227, 23, '2025-06-14', 'Scheduled'),
(208, 14, 26, '2026-02-13', 'In-progress'),
(209, 61, 25, '2025-07-12', 'In-progress'),
(210, 58, 2, '2025-11-11', 'Completed'),
(211, 215, 46, '2026-04-29', 'In-progress'),
(212, 203, 10, '2025-08-10', 'Completed'),
(213, 74, 59, '2026-01-28', 'Cancelled'),
(214, 195, 46, '2026-01-27', 'Scheduled'),
(215, 158, 1, '2025-07-11', 'Completed'),
(216, 66, 14, '2025-08-16', 'No-show'),
(217, 241, 47, '2026-04-08', 'No-show'),
(218, 109, 8, '2025-10-26', 'Cancelled'),
(219, 78, 8, '2025-06-25', 'Cancelled'),
(220, 108, 41, '2026-04-15', 'Scheduled'),
(221, 17, 8, '2026-02-11', 'No-show'),
(222, 138, 2, '2026-04-20', 'No-show'),
(223, 148, 16, '2026-06-03', 'Cancelled'),
(224, 75, 28, '2025-06-01', 'No-show'),
(225, 91, 16, '2026-03-20', 'Scheduled'),
(226, 48, 43, '2026-05-09', 'Completed'),
(227, 135, 24, '2025-07-05', 'No-show'),
(228, 140, 33, '2026-02-15', 'No-show'),
(229, 6, 25, '2026-01-27', 'Completed'),
(230, 163, 25, '2025-12-09', 'In-progress'),
(231, 192, 2, '2025-11-30', 'Completed'),
(232, 89, 16, '2026-06-11', 'Completed'),
(233, 198, 38, '2026-06-12', 'In-progress'),
(234, 35, 3, '2025-11-28', 'No-show'),
(235, 87, 53, '2026-04-26', 'Cancelled'),
(236, 213, 50, '2026-05-17', 'Scheduled'),
(237, 179, 31, '2026-04-20', 'Cancelled'),
(238, 208, 9, '2025-07-03', 'Scheduled'),
(239, 10, 19, '2025-09-12', 'Completed'),
(240, 203, 13, '2025-06-22', 'In-progress'),
(241, 239, 20, '2026-02-19', 'Scheduled'),
(242, 209, 35, '2026-01-29', 'In-progress'),
(243, 10, 49, '2026-04-28', 'Cancelled'),
(244, 74, 23, '2025-06-25', 'In-progress'),
(245, 70, 8, '2025-12-06', 'Scheduled'),
(246, 228, 26, '2026-06-16', 'Scheduled'),
(247, 230, 25, '2025-11-21', 'Cancelled'),
(248, 128, 45, '2026-02-10', 'In-progress'),
(249, 237, 52, '2026-02-21', 'In-progress'),
(250, 206, 6, '2026-06-08', 'Scheduled'),
(251, 21, 28, '2026-04-05', 'Cancelled'),
(252, 140, 19, '2025-11-12', 'Completed'),
(253, 21, 21, '2026-05-05', 'In-progress'),
(254, 79, 29, '2026-04-05', 'Scheduled'),
(255, 43, 45, '2026-01-14', 'In-progress'),
(256, 115, 3, '2026-06-08', 'In-progress'),
(257, 158, 28, '2025-10-19', 'Completed'),
(258, 20, 43, '2026-04-23', 'Scheduled'),
(259, 94, 33, '2026-05-14', 'Cancelled'),
(260, 244, 2, '2025-08-13', 'No-show'),
(261, 174, 51, '2026-01-11', 'Completed'),
(262, 33, 5, '2025-09-29', 'In-progress'),
(263, 93, 25, '2026-03-18', 'Completed'),
(264, 155, 10, '2026-05-14', 'Scheduled'),
(265, 243, 24, '2025-12-08', 'Scheduled'),
(266, 196, 5, '2026-03-21', 'Cancelled'),
(267, 136, 24, '2025-12-21', 'In-progress'),
(268, 167, 18, '2025-10-06', 'Completed'),
(269, 7, 48, '2025-09-04', 'Scheduled'),
(270, 133, 25, '2026-03-15', 'Completed'),
(271, 68, 50, '2025-10-12', 'Scheduled'),
(272, 55, 40, '2025-10-25', 'Scheduled'),
(273, 52, 8, '2025-08-09', 'Completed'),
(274, 116, 12, '2026-06-01', 'Scheduled'),
(275, 23, 52, '2026-05-16', 'In-progress'),
(276, 171, 23, '2026-05-30', 'Completed'),
(277, 141, 35, '2025-10-27', 'In-progress'),
(278, 218, 11, '2026-05-31', 'Cancelled'),
(279, 204, 24, '2026-02-16', 'Cancelled'),
(280, 32, 13, '2025-08-11', 'Cancelled'),
(281, 203, 32, '2025-06-14', 'In-progress'),
(282, 142, 37, '2025-12-06', 'Scheduled'),
(283, 206, 36, '2025-08-06', 'No-show'),
(284, 227, 6, '2025-07-04', 'In-progress'),
(285, 102, 46, '2026-06-04', 'Scheduled'),
(286, 135, 27, '2025-12-27', 'No-show'),
(287, 19, 9, '2025-11-10', 'Completed'),
(288, 116, 30, '2026-05-15', 'No-show'),
(289, 89, 9, '2026-03-10', 'No-show'),
(290, 47, 50, '2025-08-06', 'Scheduled'),
(291, 129, 59, '2025-06-29', 'Completed'),
(292, 133, 10, '2025-11-03', 'Cancelled'),
(293, 42, 21, '2026-05-30', 'Cancelled'),
(294, 89, 34, '2025-10-24', 'Completed'),
(295, 65, 13, '2026-04-22', 'No-show'),
(296, 71, 9, '2026-04-17', 'In-progress'),
(297, 158, 35, '2025-07-18', 'No-show'),
(298, 165, 11, '2026-03-31', 'No-show'),
(299, 40, 11, '2026-05-04', 'No-show'),
(300, 185, 58, '2026-04-06', 'In-progress'),
(301, 216, 60, '2026-03-16', 'Completed'),
(302, 212, 56, '2025-06-15', 'Completed'),
(303, 12, 42, '2026-03-23', 'In-progress'),
(304, 167, 14, '2026-03-20', 'Scheduled'),
(305, 159, 41, '2025-06-16', 'Scheduled'),
(306, 228, 41, '2026-03-07', 'In-progress'),
(307, 165, 20, '2026-02-03', 'Cancelled'),
(308, 207, 52, '2026-05-17', 'Scheduled'),
(309, 77, 30, '2025-07-08', 'Completed'),
(310, 41, 29, '2025-12-30', 'Scheduled'),
(311, 119, 14, '2025-11-22', 'No-show'),
(312, 37, 21, '2026-06-03', 'In-progress'),
(313, 188, 56, '2025-11-24', 'Scheduled'),
(314, 34, 49, '2025-12-07', 'No-show'),
(315, 144, 7, '2025-11-11', 'Cancelled'),
(316, 120, 8, '2025-10-15', 'Scheduled'),
(317, 64, 10, '2025-07-20', 'Completed'),
(318, 75, 25, '2026-04-12', 'Scheduled'),
(319, 64, 56, '2025-08-21', 'In-progress'),
(320, 240, 37, '2026-06-05', 'In-progress'),
(321, 49, 49, '2025-08-21', 'Scheduled'),
(322, 132, 30, '2026-02-11', 'In-progress'),
(323, 128, 2, '2025-07-17', 'Scheduled'),
(324, 130, 30, '2025-10-02', 'Cancelled'),
(325, 150, 23, '2025-06-25', 'Completed'),
(326, 73, 32, '2026-04-02', 'Scheduled'),
(327, 74, 35, '2025-06-05', 'Completed'),
(328, 111, 9, '2025-10-14', 'In-progress'),
(329, 196, 26, '2025-12-05', 'Completed'),
(330, 103, 4, '2026-03-19', 'No-show'),
(331, 50, 24, '2026-03-11', 'In-progress'),
(332, 19, 25, '2026-02-14', 'Scheduled'),
(333, 196, 36, '2025-10-22', 'No-show'),
(334, 175, 40, '2025-07-31', 'Cancelled'),
(335, 250, 7, '2025-12-19', 'In-progress'),
(336, 204, 22, '2026-03-13', 'In-progress'),
(337, 194, 10, '2025-09-10', 'No-show'),
(338, 131, 26, '2026-02-12', 'Completed'),
(339, 12, 3, '2025-08-10', 'In-progress'),
(340, 206, 31, '2026-02-21', 'Scheduled'),
(341, 39, 39, '2026-02-19', 'Cancelled'),
(342, 84, 60, '2026-04-10', 'In-progress'),
(343, 42, 26, '2026-04-12', 'In-progress'),
(344, 152, 22, '2026-02-15', 'No-show'),
(345, 137, 32, '2026-05-29', 'No-show'),
(346, 77, 31, '2025-06-09', 'In-progress'),
(347, 85, 44, '2025-07-27', 'Scheduled'),
(348, 150, 20, '2026-06-07', 'Completed'),
(349, 153, 31, '2025-10-14', 'No-show'),
(350, 148, 15, '2026-06-05', 'Completed'),
(351, 150, 31, '2025-08-27', 'No-show'),
(352, 162, 47, '2026-04-14', 'Scheduled'),
(353, 38, 53, '2026-05-15', 'Cancelled'),
(354, 9, 37, '2026-05-25', 'Completed'),
(355, 49, 2, '2026-01-12', 'In-progress'),
(356, 108, 10, '2025-12-29', 'Cancelled'),
(357, 106, 33, '2026-04-10', 'Scheduled'),
(358, 224, 55, '2026-06-12', 'Completed'),
(359, 181, 9, '2026-02-21', 'Cancelled'),
(360, 144, 21, '2026-05-06', 'Scheduled'),
(361, 135, 25, '2025-11-08', 'Cancelled'),
(362, 118, 59, '2026-02-28', 'In-progress'),
(363, 140, 23, '2026-05-13', 'In-progress'),
(364, 157, 31, '2025-09-07', 'Cancelled'),
(365, 72, 36, '2025-10-31', 'Cancelled'),
(366, 242, 20, '2025-10-26', 'Cancelled'),
(367, 177, 46, '2026-02-06', 'In-progress'),
(368, 123, 23, '2026-03-14', 'In-progress'),
(369, 74, 8, '2026-03-21', 'No-show'),
(370, 98, 58, '2025-12-20', 'In-progress'),
(371, 245, 50, '2025-08-14', 'In-progress'),
(372, 11, 19, '2026-06-01', 'Completed'),
(373, 89, 60, '2026-01-13', 'In-progress'),
(374, 192, 31, '2025-09-18', 'Cancelled'),
(375, 212, 35, '2025-10-17', 'No-show'),
(376, 179, 18, '2025-08-10', 'Completed'),
(377, 158, 48, '2026-03-28', 'Cancelled'),
(378, 63, 4, '2026-05-09', 'No-show'),
(379, 58, 41, '2025-09-28', 'Completed'),
(380, 26, 27, '2025-11-17', 'Scheduled'),
(381, 26, 44, '2025-08-10', 'Completed'),
(382, 247, 36, '2025-08-20', 'Scheduled'),
(383, 168, 60, '2026-01-30', 'Scheduled'),
(384, 167, 13, '2025-10-26', 'In-progress'),
(385, 74, 42, '2025-07-01', 'Completed'),
(386, 167, 37, '2025-09-27', 'No-show'),
(387, 190, 47, '2025-06-20', 'Cancelled'),
(388, 107, 57, '2025-08-30', 'Completed'),
(389, 215, 26, '2026-02-09', 'Cancelled'),
(390, 240, 48, '2025-10-27', 'Completed'),
(391, 3, 20, '2026-03-18', 'No-show'),
(392, 28, 60, '2025-11-19', 'In-progress'),
(393, 117, 42, '2026-03-06', 'No-show'),
(394, 127, 57, '2025-08-08', 'No-show'),
(395, 120, 18, '2025-09-07', 'Completed'),
(396, 85, 11, '2026-06-10', 'Scheduled'),
(397, 166, 17, '2026-06-03', 'Cancelled'),
(398, 4, 48, '2025-11-20', 'In-progress'),
(399, 146, 44, '2025-09-07', 'Cancelled'),
(400, 157, 55, '2026-04-24', 'Scheduled'),
(401, 212, 28, '2026-02-19', 'In-progress'),
(402, 23, 26, '2026-05-09', 'Completed'),
(403, 48, 9, '2026-01-31', 'In-progress'),
(404, 240, 16, '2025-06-04', 'In-progress'),
(405, 99, 16, '2026-01-15', 'In-progress'),
(406, 245, 22, '2025-11-02', 'No-show'),
(407, 186, 37, '2025-06-06', 'In-progress'),
(408, 168, 24, '2026-05-21', 'Cancelled'),
(409, 16, 43, '2025-07-31', 'Scheduled'),
(410, 79, 11, '2025-12-25', 'No-show'),
(411, 237, 58, '2026-05-27', 'In-progress'),
(412, 177, 8, '2026-04-24', 'In-progress'),
(413, 95, 40, '2025-09-22', 'Cancelled'),
(414, 246, 9, '2026-01-31', 'Cancelled'),
(415, 117, 48, '2026-04-07', 'In-progress'),
(416, 107, 45, '2026-03-09', 'Scheduled'),
(417, 194, 35, '2026-05-07', 'Cancelled'),
(418, 196, 16, '2026-05-15', 'No-show'),
(419, 224, 51, '2025-07-12', 'No-show'),
(420, 115, 34, '2026-05-27', 'In-progress'),
(421, 20, 59, '2026-03-16', 'Completed'),
(422, 16, 54, '2026-03-08', 'No-show'),
(423, 52, 37, '2026-03-02', 'Cancelled'),
(424, 43, 21, '2026-02-22', 'Scheduled'),
(425, 30, 44, '2025-09-14', 'No-show'),
(426, 126, 6, '2026-02-17', 'Scheduled'),
(427, 208, 4, '2026-01-19', 'Cancelled'),
(428, 132, 27, '2026-01-20', 'No-show'),
(429, 15, 36, '2026-01-23', 'In-progress'),
(430, 186, 2, '2025-12-20', 'In-progress'),
(431, 210, 1, '2026-06-17', 'Cancelled'),
(432, 149, 5, '2025-06-24', 'Scheduled'),
(433, 89, 45, '2025-07-03', 'No-show'),
(434, 16, 60, '2025-07-06', 'Scheduled'),
(435, 9, 19, '2025-12-27', 'Cancelled'),
(436, 197, 9, '2026-04-25', 'Scheduled'),
(437, 96, 58, '2025-12-13', 'Scheduled'),
(438, 223, 59, '2025-12-11', 'Scheduled'),
(439, 21, 44, '2026-05-05', 'No-show'),
(440, 35, 42, '2025-11-26', 'Completed'),
(441, 46, 35, '2025-12-19', 'No-show'),
(442, 33, 47, '2025-09-23', 'Completed'),
(443, 194, 2, '2025-10-31', 'Scheduled'),
(444, 173, 47, '2026-03-06', 'Scheduled'),
(445, 137, 25, '2025-09-26', 'Cancelled'),
(446, 118, 23, '2025-08-19', 'In-progress'),
(447, 49, 60, '2026-06-07', 'Completed'),
(448, 9, 52, '2026-05-05', 'Scheduled'),
(449, 158, 50, '2025-06-09', 'Cancelled'),
(450, 53, 5, '2025-07-22', 'No-show'),
(451, 9, 29, '2026-04-03', 'Completed'),
(452, 63, 48, '2025-06-23', 'Scheduled'),
(453, 113, 15, '2026-03-04', 'Cancelled'),
(454, 194, 56, '2025-06-29', 'Cancelled'),
(455, 129, 19, '2025-09-28', 'No-show'),
(456, 82, 37, '2026-04-03', 'In-progress'),
(457, 61, 20, '2025-08-13', 'No-show'),
(458, 57, 27, '2025-11-01', 'In-progress'),
(459, 16, 36, '2026-03-30', 'Cancelled'),
(460, 161, 44, '2026-01-05', 'No-show'),
(461, 127, 4, '2025-11-24', 'Scheduled'),
(462, 202, 34, '2025-11-11', 'Scheduled'),
(463, 105, 10, '2025-11-01', 'Scheduled'),
(464, 48, 49, '2026-03-03', 'Scheduled'),
(465, 62, 55, '2025-09-24', 'In-progress'),
(466, 220, 46, '2025-08-13', 'Scheduled'),
(467, 235, 4, '2026-03-15', 'Scheduled'),
(468, 248, 27, '2026-03-13', 'No-show'),
(469, 35, 25, '2025-10-03', 'In-progress'),
(470, 53, 22, '2026-04-28', 'Completed'),
(471, 237, 29, '2025-12-07', 'Completed'),
(472, 138, 47, '2025-09-06', 'Completed'),
(473, 69, 25, '2026-05-11', 'No-show'),
(474, 155, 3, '2025-07-08', 'Cancelled'),
(475, 206, 49, '2026-03-28', 'No-show'),
(476, 56, 31, '2025-09-15', 'In-progress'),
(477, 78, 59, '2025-06-08', 'Cancelled'),
(478, 240, 13, '2026-06-15', 'Completed'),
(479, 192, 49, '2026-02-01', 'Cancelled'),
(480, 179, 39, '2026-05-27', 'Cancelled'),
(481, 102, 59, '2025-10-01', 'No-show'),
(482, 83, 50, '2025-10-23', 'Scheduled'),
(483, 120, 35, '2026-04-29', 'In-progress'),
(484, 79, 17, '2025-12-02', 'No-show'),
(485, 226, 32, '2026-01-25', 'Completed'),
(486, 206, 47, '2026-01-27', 'In-progress'),
(487, 235, 14, '2025-12-07', 'In-progress'),
(488, 106, 3, '2026-03-16', 'Cancelled'),
(489, 190, 10, '2025-06-09', 'In-progress'),
(490, 142, 60, '2026-03-27', 'No-show'),
(491, 185, 27, '2025-10-30', 'Cancelled'),
(492, 51, 22, '2025-09-26', 'Scheduled'),
(493, 146, 54, '2025-10-04', 'Scheduled'),
(494, 141, 42, '2026-05-17', 'In-progress'),
(495, 66, 49, '2026-02-06', 'Scheduled'),
(496, 118, 11, '2026-06-11', 'In-progress'),
(497, 44, 9, '2026-06-04', 'No-show'),
(498, 126, 12, '2026-03-05', 'Completed'),
(499, 135, 3, '2025-07-09', 'Completed'),
(500, 196, 1, '2025-12-29', 'Cancelled'),
(501, 216, 41, '2025-09-27', 'Completed'),
(502, 182, 10, '2025-06-05', 'Cancelled'),
(503, 130, 30, '2025-12-09', 'Completed'),
(504, 159, 41, '2026-05-08', 'No-show'),
(505, 234, 31, '2026-05-04', 'Scheduled'),
(506, 5, 1, '2026-02-28', 'No-show'),
(507, 106, 1, '2025-06-09', 'No-show'),
(508, 185, 18, '2026-03-02', 'In-progress'),
(509, 5, 33, '2026-05-24', 'Scheduled'),
(510, 207, 59, '2025-08-31', 'Completed'),
(511, 236, 7, '2026-02-24', 'Cancelled'),
(512, 62, 13, '2026-04-14', 'No-show'),
(513, 65, 53, '2025-11-29', 'In-progress'),
(514, 204, 26, '2025-07-11', 'In-progress'),
(515, 246, 26, '2026-01-22', 'No-show'),
(516, 63, 45, '2025-09-24', 'In-progress'),
(517, 176, 53, '2025-07-12', 'Completed'),
(518, 24, 26, '2025-12-12', 'Scheduled'),
(519, 142, 31, '2025-06-29', 'Completed'),
(520, 180, 11, '2025-07-13', 'Scheduled'),
(521, 217, 28, '2026-04-27', 'In-progress'),
(522, 145, 55, '2025-07-19', 'No-show'),
(523, 236, 3, '2025-09-26', 'Cancelled'),
(524, 231, 56, '2026-05-21', 'No-show'),
(525, 122, 18, '2025-06-24', 'Completed'),
(526, 176, 60, '2025-10-22', 'No-show'),
(527, 145, 43, '2025-06-17', 'Cancelled'),
(528, 238, 55, '2025-11-09', 'Completed'),
(529, 247, 14, '2026-03-28', 'Cancelled'),
(530, 193, 53, '2026-05-31', 'Scheduled'),
(531, 238, 5, '2025-11-01', 'Cancelled'),
(532, 145, 16, '2026-03-18', 'Scheduled'),
(533, 174, 58, '2026-03-04', 'In-progress'),
(534, 99, 49, '2026-06-14', 'Cancelled'),
(535, 203, 45, '2026-06-06', 'Completed'),
(536, 129, 48, '2025-11-25', 'Completed'),
(537, 26, 28, '2025-09-27', 'Completed'),
(538, 88, 39, '2026-04-11', 'No-show'),
(539, 102, 50, '2025-11-15', 'Completed'),
(540, 163, 18, '2026-01-17', 'Scheduled'),
(541, 59, 23, '2026-03-11', 'Scheduled'),
(542, 111, 12, '2026-05-15', 'No-show'),
(543, 170, 25, '2025-07-14', 'No-show'),
(544, 76, 52, '2025-10-05', 'Completed'),
(545, 22, 18, '2025-08-18', 'Scheduled'),
(546, 183, 51, '2026-04-21', 'Cancelled'),
(547, 190, 25, '2025-11-10', 'In-progress'),
(548, 28, 6, '2025-06-03', 'In-progress'),
(549, 114, 24, '2025-10-17', 'Completed'),
(550, 34, 6, '2025-09-04', 'Scheduled'),
(551, 115, 36, '2026-03-12', 'No-show'),
(552, 105, 7, '2025-06-14', 'Completed'),
(553, 91, 36, '2025-07-18', 'No-show'),
(554, 154, 51, '2025-11-14', 'Scheduled'),
(555, 4, 19, '2025-12-29', 'Scheduled'),
(556, 200, 6, '2026-06-07', 'No-show'),
(557, 232, 16, '2026-03-20', 'No-show'),
(558, 44, 44, '2025-12-12', 'Cancelled'),
(559, 36, 18, '2025-11-02', 'In-progress'),
(560, 127, 10, '2025-07-03', 'Cancelled'),
(561, 112, 18, '2026-01-02', 'In-progress'),
(562, 124, 51, '2025-07-10', 'In-progress'),
(563, 65, 16, '2026-06-05', 'Scheduled'),
(564, 153, 40, '2025-09-09', 'Scheduled'),
(565, 28, 9, '2025-11-03', 'Completed'),
(566, 243, 26, '2025-11-18', 'No-show'),
(567, 98, 52, '2025-11-16', 'Scheduled'),
(568, 86, 28, '2026-04-30', 'No-show'),
(569, 35, 20, '2025-11-12', 'No-show'),
(570, 243, 45, '2025-09-11', 'Scheduled'),
(571, 81, 12, '2025-12-21', 'In-progress'),
(572, 75, 48, '2026-05-22', 'Scheduled'),
(573, 248, 37, '2025-10-03', 'In-progress'),
(574, 97, 18, '2025-12-19', 'In-progress'),
(575, 30, 60, '2026-03-16', 'Cancelled'),
(576, 152, 35, '2025-09-01', 'No-show'),
(577, 7, 47, '2026-01-23', 'Cancelled'),
(578, 113, 52, '2025-10-28', 'Completed'),
(579, 210, 55, '2025-12-27', 'Scheduled'),
(580, 36, 41, '2025-11-03', 'Cancelled'),
(581, 65, 43, '2025-08-18', 'Scheduled'),
(582, 203, 25, '2025-07-08', 'Scheduled'),
(583, 154, 31, '2026-03-26', 'Scheduled'),
(584, 137, 33, '2026-05-21', 'Scheduled'),
(585, 140, 3, '2025-12-02', 'No-show'),
(586, 153, 41, '2025-07-14', 'Completed'),
(587, 197, 16, '2026-05-03', 'In-progress'),
(588, 43, 42, '2026-04-10', 'Completed'),
(589, 145, 42, '2026-05-13', 'Scheduled'),
(590, 248, 49, '2025-11-17', 'Scheduled'),
(591, 28, 1, '2025-07-21', 'In-progress'),
(592, 57, 33, '2026-06-18', 'No-show'),
(593, 143, 38, '2026-05-19', 'No-show'),
(594, 57, 29, '2025-12-09', 'Scheduled'),
(595, 119, 50, '2026-05-14', 'No-show'),
(596, 177, 33, '2025-08-17', 'In-progress'),
(597, 7, 31, '2025-07-24', 'In-progress'),
(598, 107, 59, '2025-07-14', 'Completed'),
(599, 213, 47, '2025-08-12', 'In-progress'),
(600, 80, 22, '2026-01-20', 'Cancelled');
 
select setval('appointment_appointmentid_seq', (select max(appointmentid) from Appointment));
 
-- ---------------- Bills ----------------
insert into Bills(BillID, PatientID, Amount, Status) values
(1, 1, 150.00, 'Paid'),
(2, 2, 50.00, 'Paid'),
(3, 3, 200.00, 'Paid'),
(4, 4, 300.00, 'Unpaid'),
(5, 5, 150.00, 'Paid'),
(6, 134, 1217.66, 'Refunded'),
(7, 25, 1106.65, 'Refunded'),
(8, 82, 186.59, 'Paid'),
(9, 208, 1782.73, 'Paid'),
(10, 218, 870.83, 'Paid'),
(11, 174, 2004.12, 'Unpaid'),
(12, 133, 452.64, 'Unpaid'),
(13, 85, 1408.43, 'Refunded'),
(14, 60, 1998.43, 'Unpaid'),
(15, 48, 1608.39, 'Refunded'),
(16, 102, 92.40, 'Unpaid'),
(17, 116, 1488.66, 'Refunded'),
(18, 2, 1767.74, 'Unpaid'),
(19, 72, 1885.77, 'Paid'),
(20, 148, 272.35, 'Unpaid'),
(21, 94, 828.44, 'Refunded'),
(22, 30, 670.64, 'Refunded'),
(23, 136, 2415.47, 'Pending'),
(24, 153, 983.83, 'Refunded'),
(25, 151, 303.30, 'Pending'),
(26, 217, 1155.49, 'Unpaid'),
(27, 209, 1690.50, 'Pending'),
(28, 236, 1543.92, 'Paid'),
(29, 173, 352.19, 'Paid'),
(30, 62, 777.34, 'Unpaid'),
(31, 96, 1739.72, 'Refunded'),
(32, 108, 1499.14, 'Refunded'),
(33, 109, 480.67, 'Unpaid'),
(34, 143, 433.83, 'Pending'),
(35, 36, 484.00, 'Refunded'),
(36, 159, 152.96, 'Pending'),
(37, 244, 43.77, 'Unpaid'),
(38, 50, 2041.74, 'Refunded'),
(39, 105, 1718.05, 'Refunded'),
(40, 182, 2102.93, 'Refunded'),
(41, 43, 225.02, 'Paid'),
(42, 204, 1907.42, 'Pending'),
(43, 9, 701.64, 'Pending'),
(44, 44, 1956.24, 'Refunded'),
(45, 141, 1286.80, 'Paid'),
(46, 69, 1942.28, 'Pending'),
(47, 139, 2060.08, 'Paid'),
(48, 195, 1803.07, 'Unpaid'),
(49, 109, 273.99, 'Unpaid'),
(50, 77, 2189.53, 'Paid'),
(51, 116, 671.78, 'Paid'),
(52, 113, 2165.92, 'Paid'),
(53, 199, 2033.48, 'Unpaid'),
(54, 208, 1849.28, 'Pending'),
(55, 221, 1782.67, 'Refunded'),
(56, 43, 1548.05, 'Unpaid'),
(57, 209, 533.22, 'Paid'),
(58, 146, 890.02, 'Pending'),
(59, 153, 1356.15, 'Pending'),
(60, 181, 745.73, 'Pending'),
(61, 244, 2147.88, 'Paid'),
(62, 35, 2407.67, 'Refunded'),
(63, 236, 167.03, 'Pending'),
(64, 222, 1646.62, 'Unpaid'),
(65, 64, 382.68, 'Pending'),
(66, 213, 633.94, 'Refunded'),
(67, 126, 372.59, 'Pending'),
(68, 161, 1047.28, 'Refunded'),
(69, 20, 1591.40, 'Paid'),
(70, 104, 1298.72, 'Pending'),
(71, 178, 2342.11, 'Pending'),
(72, 117, 2376.63, 'Pending'),
(73, 149, 26.13, 'Paid'),
(74, 188, 2430.93, 'Pending'),
(75, 218, 177.06, 'Refunded'),
(76, 56, 2420.96, 'Unpaid'),
(77, 127, 685.97, 'Pending'),
(78, 87, 1377.33, 'Unpaid'),
(79, 145, 2134.01, 'Pending'),
(80, 229, 1712.73, 'Paid'),
(81, 12, 266.95, 'Refunded'),
(82, 5, 328.11, 'Unpaid'),
(83, 113, 1152.16, 'Refunded'),
(84, 52, 2489.32, 'Unpaid'),
(85, 226, 1631.99, 'Unpaid'),
(86, 224, 2333.16, 'Pending'),
(87, 24, 1643.38, 'Pending'),
(88, 22, 942.17, 'Unpaid'),
(89, 14, 1002.93, 'Pending'),
(90, 186, 1754.61, 'Unpaid'),
(91, 110, 1645.60, 'Paid'),
(92, 1, 549.28, 'Paid'),
(93, 34, 1492.33, 'Refunded'),
(94, 3, 40.00, 'Pending'),
(95, 210, 319.07, 'Refunded'),
(96, 178, 347.79, 'Paid'),
(97, 59, 970.01, 'Paid'),
(98, 27, 797.11, 'Pending'),
(99, 36, 969.15, 'Unpaid'),
(100, 165, 2482.49, 'Unpaid'),
(101, 18, 1335.66, 'Paid'),
(102, 157, 1632.05, 'Refunded'),
(103, 90, 1811.63, 'Unpaid'),
(104, 236, 1041.04, 'Refunded'),
(105, 221, 558.77, 'Paid'),
(106, 36, 1886.07, 'Refunded'),
(107, 90, 2408.86, 'Pending'),
(108, 203, 366.78, 'Pending'),
(109, 166, 228.94, 'Pending'),
(110, 200, 2354.37, 'Paid'),
(111, 218, 2120.73, 'Pending'),
(112, 53, 1304.02, 'Unpaid'),
(113, 192, 991.54, 'Paid'),
(114, 201, 2246.82, 'Unpaid'),
(115, 127, 977.00, 'Unpaid'),
(116, 128, 1602.44, 'Paid'),
(117, 136, 2224.04, 'Paid'),
(118, 93, 2336.13, 'Unpaid'),
(119, 100, 2154.82, 'Refunded'),
(120, 94, 1374.96, 'Unpaid'),
(121, 196, 1188.12, 'Paid'),
(122, 5, 1476.66, 'Paid'),
(123, 68, 555.04, 'Paid'),
(124, 243, 1977.44, 'Pending'),
(125, 161, 1787.32, 'Refunded'),
(126, 109, 1760.49, 'Paid'),
(127, 164, 1350.68, 'Unpaid'),
(128, 72, 227.32, 'Paid'),
(129, 131, 2303.89, 'Unpaid'),
(130, 138, 830.34, 'Paid'),
(131, 80, 1752.72, 'Unpaid'),
(132, 15, 626.31, 'Refunded'),
(133, 30, 1144.36, 'Paid'),
(134, 80, 1671.88, 'Unpaid'),
(135, 31, 51.41, 'Unpaid'),
(136, 180, 48.15, 'Refunded'),
(137, 244, 879.83, 'Pending'),
(138, 43, 942.24, 'Pending'),
(139, 188, 2218.31, 'Paid'),
(140, 86, 2021.63, 'Pending'),
(141, 135, 178.40, 'Paid'),
(142, 128, 1148.89, 'Pending'),
(143, 15, 1259.03, 'Unpaid'),
(144, 95, 410.13, 'Paid'),
(145, 229, 1443.30, 'Paid'),
(146, 59, 1857.13, 'Paid'),
(147, 12, 2149.55, 'Paid'),
(148, 63, 134.03, 'Pending'),
(149, 99, 2302.16, 'Unpaid'),
(150, 239, 2401.65, 'Paid'),
(151, 142, 2011.73, 'Refunded'),
(152, 58, 818.07, 'Refunded'),
(153, 235, 1806.31, 'Pending'),
(154, 212, 213.16, 'Pending'),
(155, 31, 1265.06, 'Paid'),
(156, 46, 573.50, 'Paid'),
(157, 245, 1014.29, 'Refunded'),
(158, 222, 720.12, 'Pending'),
(159, 84, 234.24, 'Refunded'),
(160, 3, 934.92, 'Pending'),
(161, 145, 1965.58, 'Unpaid'),
(162, 119, 933.32, 'Refunded'),
(163, 198, 1944.20, 'Unpaid'),
(164, 39, 35.82, 'Refunded'),
(165, 7, 597.83, 'Pending'),
(166, 163, 2102.14, 'Paid'),
(167, 244, 850.84, 'Refunded'),
(168, 218, 1850.44, 'Pending'),
(169, 27, 528.88, 'Unpaid'),
(170, 108, 1240.23, 'Paid'),
(171, 249, 2492.46, 'Pending'),
(172, 24, 128.87, 'Unpaid'),
(173, 230, 2116.85, 'Refunded'),
(174, 180, 2241.03, 'Refunded'),
(175, 250, 1874.79, 'Paid'),
(176, 130, 351.11, 'Refunded'),
(177, 20, 1487.90, 'Paid'),
(178, 112, 1662.86, 'Unpaid'),
(179, 61, 743.36, 'Pending'),
(180, 238, 2006.03, 'Pending'),
(181, 82, 1142.84, 'Unpaid'),
(182, 20, 2360.02, 'Unpaid'),
(183, 200, 1929.96, 'Paid'),
(184, 40, 282.03, 'Refunded'),
(185, 120, 798.80, 'Paid'),
(186, 138, 908.55, 'Unpaid'),
(187, 116, 784.60, 'Pending'),
(188, 219, 317.39, 'Unpaid'),
(189, 207, 1721.42, 'Paid'),
(190, 56, 2093.09, 'Pending'),
(191, 38, 246.21, 'Unpaid'),
(192, 248, 902.24, 'Paid'),
(193, 174, 761.12, 'Unpaid'),
(194, 8, 2381.20, 'Refunded'),
(195, 143, 1875.23, 'Unpaid'),
(196, 25, 1165.87, 'Unpaid'),
(197, 32, 49.65, 'Unpaid'),
(198, 34, 511.37, 'Refunded'),
(199, 96, 1721.99, 'Paid'),
(200, 150, 1473.57, 'Paid'),
(201, 6, 2492.96, 'Unpaid'),
(202, 232, 1622.05, 'Unpaid'),
(203, 24, 2264.59, 'Pending'),
(204, 32, 125.89, 'Refunded'),
(205, 13, 436.61, 'Refunded'),
(206, 211, 1816.59, 'Refunded'),
(207, 8, 969.17, 'Refunded'),
(208, 45, 897.78, 'Unpaid'),
(209, 71, 714.04, 'Unpaid'),
(210, 9, 1542.98, 'Unpaid'),
(211, 166, 751.86, 'Refunded'),
(212, 226, 1385.71, 'Paid'),
(213, 23, 713.84, 'Unpaid'),
(214, 108, 514.66, 'Unpaid'),
(215, 162, 2485.34, 'Paid'),
(216, 98, 1959.15, 'Pending'),
(217, 123, 1370.40, 'Refunded'),
(218, 89, 2283.44, 'Pending'),
(219, 100, 690.68, 'Paid'),
(220, 82, 1500.85, 'Paid'),
(221, 230, 2030.51, 'Pending'),
(222, 15, 2025.46, 'Refunded'),
(223, 136, 906.43, 'Unpaid'),
(224, 250, 415.87, 'Unpaid'),
(225, 169, 618.06, 'Paid'),
(226, 196, 2491.05, 'Unpaid'),
(227, 148, 2119.33, 'Refunded'),
(228, 91, 2339.31, 'Unpaid'),
(229, 46, 606.65, 'Pending'),
(230, 207, 1850.50, 'Pending'),
(231, 234, 1487.07, 'Pending'),
(232, 243, 1427.78, 'Unpaid'),
(233, 145, 2371.95, 'Refunded'),
(234, 139, 786.45, 'Refunded'),
(235, 10, 243.84, 'Unpaid'),
(236, 155, 562.65, 'Refunded'),
(237, 1, 842.70, 'Unpaid'),
(238, 207, 343.61, 'Unpaid'),
(239, 236, 2010.01, 'Pending'),
(240, 16, 74.34, 'Unpaid'),
(241, 199, 295.08, 'Pending'),
(242, 246, 199.88, 'Refunded'),
(243, 151, 270.56, 'Pending'),
(244, 83, 358.40, 'Unpaid'),
(245, 188, 2372.76, 'Refunded'),
(246, 167, 806.86, 'Pending'),
(247, 58, 1670.52, 'Unpaid'),
(248, 97, 780.92, 'Pending'),
(249, 33, 460.72, 'Paid'),
(250, 243, 1760.98, 'Refunded'),
(251, 218, 2485.82, 'Paid'),
(252, 47, 1513.92, 'Unpaid'),
(253, 164, 1422.56, 'Refunded'),
(254, 37, 841.30, 'Paid'),
(255, 61, 880.09, 'Pending'),
(256, 43, 1597.74, 'Paid'),
(257, 211, 1778.24, 'Pending'),
(258, 115, 48.26, 'Unpaid'),
(259, 64, 1739.08, 'Pending'),
(260, 66, 1971.81, 'Paid'),
(261, 13, 977.12, 'Refunded'),
(262, 249, 432.52, 'Refunded'),
(263, 127, 2206.79, 'Pending'),
(264, 140, 950.86, 'Refunded'),
(265, 202, 2162.85, 'Unpaid'),
(266, 42, 1139.19, 'Paid'),
(267, 76, 69.79, 'Pending'),
(268, 244, 279.72, 'Pending'),
(269, 44, 2222.07, 'Unpaid'),
(270, 188, 206.01, 'Paid'),
(271, 87, 1493.20, 'Refunded'),
(272, 181, 96.86, 'Unpaid'),
(273, 156, 2226.59, 'Unpaid'),
(274, 14, 271.12, 'Unpaid'),
(275, 250, 491.16, 'Pending'),
(276, 170, 718.18, 'Unpaid'),
(277, 25, 143.10, 'Refunded'),
(278, 40, 155.17, 'Paid'),
(279, 110, 237.32, 'Refunded'),
(280, 52, 260.53, 'Unpaid'),
(281, 44, 1602.71, 'Paid'),
(282, 122, 2112.55, 'Pending'),
(283, 201, 1005.72, 'Refunded'),
(284, 230, 1659.38, 'Paid'),
(285, 165, 1369.43, 'Unpaid'),
(286, 95, 2216.02, 'Pending'),
(287, 48, 1125.52, 'Pending'),
(288, 113, 1173.34, 'Unpaid'),
(289, 215, 686.03, 'Paid'),
(290, 39, 1885.54, 'Paid'),
(291, 22, 1676.99, 'Refunded'),
(292, 249, 1896.01, 'Unpaid'),
(293, 142, 171.24, 'Refunded'),
(294, 210, 1316.00, 'Refunded'),
(295, 147, 2206.50, 'Refunded'),
(296, 77, 215.81, 'Paid'),
(297, 129, 1436.63, 'Unpaid'),
(298, 31, 2374.15, 'Refunded'),
(299, 45, 2373.67, 'Unpaid'),
(300, 249, 545.49, 'Unpaid');

with CTE as (
	select 
		'Adults' as PatientCategory,
		dep.departmentname as DepartmentName,
		count(distinct apps.appointmentid) as TotalApps,
		coalesce(sum(bill.amount), 0) as TotalRevenue
	from departaments dep
	join doctors docs on docs.departmentid = dep.departmentid
	join appointment apps on docs.doctorid = apps.doctorid
	join patients pats on apps.patientid = pats.patientid
	join bills bill on bill.patientid = pats.patientid
	where pats.age > 20
	and apps.status ='Completed'
	group by dep.departmentname
	
	union all
	
	select 
		'Youngsters' as PatientCategory,
		dep.departmentname as DepartmentName,
		count(distinct apps.appointmentid) as TotalApps,
		coalesce(sum(bill.amount), 0) as TotalRevenue
	from departaments dep
	join doctors docs on docs.departmentid = dep.departmentid
	join appointment apps on docs.doctorid = apps.doctorid
	join patients pats on apps.patientid = pats.patientid
	join bills bill on bill.patientid = pats.patientid
	where pats.age <= 20
	and apps.status = 'Completed'
	group by dep.departmentname
)
select * from CTE;